{
    "agua_verde": {
        "area": 4761295.440805461,
        "perimeter": 9759.377156657225
    },
    "jardim_das_americas": {
        "area": 3874277.9117809543,
        "perimeter": 8847.357165162291
    }
}