{"Homs": {"car_len": 13810.250341847384, "footway_len": 495.85392536118576, "sidewalk_len": 1.0115863016080382, "with_sidewalk": 2.6276234683494537}, "Queretaro": {"car_len": 23645.762451349674, "footway_len": 841.3051498199361, "sidewalk_len": 53.071951795767106, "with_sidewalk": 1036.2201793316526}, "Niamey": {"car_len": 3955.8409527381136, "footway_len": 189.88921191347816, "sidewalk_len": 28.052266835356082, "with_sidewalk": 182.70449086541765}, "Konya": {"car_len": 26792.11769152503, "footway_len": 444.9784154679375, "sidewalk_len": 11.30477757825004, "with_sidewalk": 4.118674075409042}, "Hai Phong": {"car_len": 16037.282759481837, "footway_len": 230.47011963138087, "sidewalk_len": 140.69504015361431, "with_sidewalk": 221.1281303477494}, "Jiaxing": {"car_len": 13280.593409260482, "footway_len": 418.8480777347264, "sidewalk_len": 20.645981993300822, "with_sidewalk": 3.860170703590139}, "Cochabamba": {"car_len": 3143.931054040836, "footway_len": 495.371623080529, "sidewalk_len": 121.01251213667133, "with_sidewalk": 940.594970188442}, "Dhanbad": {"car_len": 5957.419255472325, "footway_len": 5.272878682196607, "sidewalk_len": 2.4432086248461626, "with_sidewalk": 2.766907585416443}, "Adelaide": {"car_len": 8885.883535773984, "footway_len": 3865.9858325534333, "sidewalk_len": 1924.5273923123787, "with_sidewalk": 594.3990588945902}, "Taizhong": {"car_len": 7519.465685930525, "footway_len": 1614.478445380169, "sidewalk_len": 321.75808786560805, "with_sidewalk": 22.52132214141453}, "Maceio": {"car_len": 2355.5483785022316, "footway_len": 176.47555699714462, "sidewalk_len": 11.675905162975285, "with_sidewalk": 21.707872382809324}, "Dongying": {"car_len": 8259.511313523986, "footway_len": 83.96232249105935, "sidewalk_len": 1.267879792963037, "with_sidewalk": 24.098674726409065}, "Zhanjiang": {"car_len": 13946.695133575273, "footway_len": 134.9276565208002, "sidewalk_len": 8.554721162858772, "with_sidewalk": 2.9903530620203163}, "Samut Prakan": {"car_len": 6129.8398031879415, "footway_len": 385.73537266216283, "sidewalk_len": 6.230610519611166, "with_sidewalk": 18.124928894422112}, "Joinville": {"car_len": 49.010985590293245, "footway_len": 10.976797413491422, "sidewalk_len": 0.15147680468530514, "with_sidewalk": 3.4538111745228877}, "Qom": {"car_len": 2075.0174292724164, "footway_len": 274.6268853926904, "sidewalk_len": 7.0095030930891316, "with_sidewalk": 7.758170842058654}, "Helsinki": {"car_len": 1327.423847635527, "footway_len": 3489.112330116585, "sidewalk_len": 1035.2920546777045, "with_sidewalk": 122.22877068833674}, "Mianyang Sichuan": {"car_len": 15657.710843503755, "footway_len": 287.0284193789093, "sidewalk_len": 24.1770326473935, "with_sidewalk": 10.926023057198098}, "Dallas": {"car_len": 6582.117486739701, "footway_len": 2614.937208543586, "sidewalk_len": 1966.8738765068808, "with_sidewalk": 502.3239103987323}, "Porto": {"car_len": 31908.164263681923, "footway_len": 1252.3486398663042, "sidewalk_len": 72.67692597336222, "with_sidewalk": 59.84038824709177}, "Antalya": {"car_len": 21022.749487249243, "footway_len": 3170.782631287963, "sidewalk_len": 287.8712281144076, "with_sidewalk": 185.89856781550472}, "Shiyan": {"car_len": 10124.128688986957, "footway_len": 77.50433346457855, "sidewalk_len": 0.014900574538476803, "with_sidewalk": 1.47879473768528}, "Prague": {"car_len": 2939.0690492796734, "footway_len": 5482.4770470179155, "sidewalk_len": 1277.4760854420838, "with_sidewalk": 475.66131522210145}, "Sofia": {"car_len": 2257.5648597579584, "footway_len": 1750.727574763821, "sidewalk_len": 505.8004128306483, "with_sidewalk": 852.7100100362599}, "Kazan": {"car_len": 1985.302221884253, "footway_len": 1840.4631457823768, "sidewalk_len": 589.5649829307957, "with_sidewalk": 46.1664217392156}, "Ahvaz": {"car_len": 2330.3240402072925, "footway_len": 255.57971975915632, "sidewalk_len": 0.964212549009581, "with_sidewalk": 3.6725011898398683}, "Florianopolis": {"car_len": 1448.9000972402441, "footway_len": 582.7699851582478, "sidewalk_len": 126.53219427729668, "with_sidewalk": 260.82020653535704}, "Tanger": {"car_len": 1505.7297643646582, "footway_len": 220.49230296249644, "sidewalk_len": 32.52171381191711, "with_sidewalk": 6.162895658746595}, "Maoming": {"car_len": 15461.170341710422, "footway_len": 589.4699010673482, "sidewalk_len": 45.080805336901726, "with_sidewalk": 6.956846722048093}, "Pekan Baru": {"car_len": 3443.972158731801, "footway_len": 162.5763264999859, "sidewalk_len": 6.78060269982713, "with_sidewalk": 75.03041411916894}, "Fes": {"car_len": 1549.0842820300456, "footway_len": 90.19726498831804, "sidewalk_len": 3.1371685223750827, "with_sidewalk": 1.8775276793180793}, "Suzhou": {"car_len": 23762.668438863184, "footway_len": 1178.0795428855831, "sidewalk_len": 213.9495937168866, "with_sidewalk": 20.260804153374043}, "Dublin": {"car_len": 1121.7889264856908, "footway_len": 997.2007641131758, "sidewalk_len": 398.799657045458, "with_sidewalk": 320.5803037021467}, "San Luis Potosi": {"car_len": 45244.61355546144, "footway_len": 1049.950242645806, "sidewalk_len": 14.806573022094467, "with_sidewalk": 60.522274017447494}, "Astana": {"car_len": 1931.1702348449776, "footway_len": 872.8215022645749, "sidewalk_len": 374.54577017805957, "with_sidewalk": 38.9265964279251}, "Nizhniy Novgorod": {"car_len": 1289.8878370495972, "footway_len": 1776.9080986577687, "sidewalk_len": 183.8633631781197, "with_sidewalk": 37.46488383292074}, "Ruian": {"car_len": 3002.7794990012967, "footway_len": 25.8029792546472, "sidewalk_len": 0.01737953223409664, "with_sidewalk": 1.8371197658162446}, "Mwanza": {"car_len": 29804.267255935385, "footway_len": 17032.999154996185, "sidewalk_len": 12.4714943380076, "with_sidewalk": 66.63215921123006}, "Chelyabinsk": {"car_len": 1553.3907002896497, "footway_len": 1427.6771187808245, "sidewalk_len": 105.68530029886811, "with_sidewalk": 19.79548961565408}, "Baoji": {"car_len": 14078.70296161825, "footway_len": 692.3200810808604, "sidewalk_len": 10.066168590899752, "with_sidewalk": 4.057027899367582}, "Maracay": {"car_len": 937.3740128649625, "footway_len": 36.13707936499997, "sidewalk_len": 16.279091692020344, "with_sidewalk": 97.83900775086678}, "Bhubaneswar": {"car_len": 2121.8379387497152, "footway_len": 14.972383038686562, "sidewalk_len": 1.166322673482149, "with_sidewalk": 10.998644194359649}, "Zhenjiang Jiangsu": {"car_len": 8963.945728840823, "footway_len": 133.42277255664885, "sidewalk_len": 32.7482078491277, "with_sidewalk": 154.45356456772487}, "Lilongwe": {"car_len": 16716.326232142546, "footway_len": 2702.5735403097788, "sidewalk_len": 2.9583954846957625, "with_sidewalk": 30.808753710882137}, "Jinhua": {"car_len": 15986.185372243468, "footway_len": 453.5834935198967, "sidewalk_len": 12.510373486130446, "with_sidewalk": 210.66794509214114}, "Mendoza": {"car_len": 35861.64687025096, "footway_len": 1902.8141144608376, "sidewalk_len": 12.39537010309719, "with_sidewalk": 77.45713215350543}, "Kigali": {"car_len": 3780.44496890179, "footway_len": 905.5787442473187, "sidewalk_len": 4.382597851713437, "with_sidewalk": 71.83869709041123}, "Bogor": {"car_len": 1325.8121007658065, "footway_len": 112.35236324549274, "sidewalk_len": 6.144985624729123, "with_sidewalk": 6.235736324077878}, "Merida": {"car_len": 239.166296448509, "footway_len": 64.21845661105066, "sidewalk_len": 28.113696081215824, "with_sidewalk": 24.818172361279426}, "Tiruchirappalli": {"car_len": 992.4633057547377, "footway_len": 1.9398021196236042, "sidewalk_len": 0.009116283171143248, "with_sidewalk": 22.09523016707943}, "Islamabad": {"car_len": 5929.381527419884, "footway_len": 476.2490308527772, "sidewalk_len": 13.205404623692177, "with_sidewalk": 32.5117282977761}, "Chiang Mai": {"car_len": 543.3483806145231, "footway_len": 103.00135038733245, "sidewalk_len": 50.58528623250786, "with_sidewalk": 86.3474409939516}, "Chandigarh": {"car_len": 1288.395914557806, "footway_len": 90.69206700201623, "sidewalk_len": 5.949426887211078, "with_sidewalk": 11.62492895387328},